{
  "model": "mvae",
  "recon/mse_per_pixel": 0.018559216803974574,
  "elbo/train": -1778.8787925720214,
  "elbo/test": -1782.6937327067058,
  "mse/train": 0.018077596522039836,
  "mse/test": 0.018559216803974574,
  "probe/acc": 0.13933333333333334,
  "probe/nll": 3.820855822623299,
  "probe/brier": 0.9455887666820351,
  "probe/ece": 0.02416651203452299,
  "cluster/nmi": 0.21682451378449755,
  "cluster/ari": 0.02555302845097847
}