{
  "model": "mvae",
  "recon/mse_per_pixel": 0.016233025617069668,
  "elbo/train": -1772.798169962565,
  "elbo/test": -1776.1123901367187,
  "mse/train": 0.01584222916762034,
  "mse/test": 0.016233025617069668,
  "probe/acc": 0.1685,
  "probe/nll": 3.6602613108225825,
  "probe/brier": 0.9303139341640083,
  "probe/ece": 0.02137735863402485,
  "cluster/nmi": 0.22191076113290314,
  "cluster/ari": 0.027416805788753624
}