{
  "model": "vae",
  "recon/mse_per_pixel": 0.018413515382342868,
  "elbo/train": -1777.332310994466,
  "elbo/test": -1781.2980377197266,
  "mse/train": 0.01791084662410948,
  "mse/test": 0.018413515382342868,
  "probe/acc": 0.13741666666666666,
  "probe/nll": 3.820940193732428,
  "probe/brier": 0.945480411426917,
  "probe/ece": 0.019980170839776608,
  "cluster/nmi": 0.2186566140063654,
  "cluster/ari": 0.025564365712195225
}