{
  "model": "vae",
  "recon/mse_per_pixel": 0.015782679968410068,
  "elbo/train": -1774.5252782185873,
  "elbo/test": -1777.954189046224,
  "mse/train": 0.015351204994652007,
  "mse/test": 0.015782679968410068,
  "probe/acc": 0.19941666666666666,
  "probe/nll": 3.4711751737581475,
  "probe/brier": 0.9080551198143813,
  "probe/ece": 0.024905060234790048,
  "cluster/nmi": 0.22319196349252055,
  "cluster/ari": 0.02695684459516538
}