{
  "model": "mvae",
  "recon/mse_per_pixel": 0.01578001900513967,
  "elbo/train": -1777.5672569274902,
  "elbo/test": -1781.003299967448,
  "mse/train": 0.015391270160675048,
  "mse/test": 0.01578001900513967,
  "probe/acc": 0.19441666666666665,
  "probe/nll": 3.5049929250601837,
  "probe/brier": 0.912265885592351,
  "probe/ece": 0.02560359110559026,
  "cluster/nmi": 0.2245981445447766,
  "cluster/ari": 0.026443707676378526
}