{
  "model": "vae",
  "recon/mse_per_pixel": 0.015422546558909947,
  "elbo/train": -1766.9376355489096,
  "elbo/test": -1770.260238647461,
  "mse/train": 0.015020009168320232,
  "mse/test": 0.015422546558909947,
  "probe/acc": 0.16458333333333333,
  "probe/nll": 3.666779856595787,
  "probe/brier": 0.9304383242947963,
  "probe/ece": 0.0174378179150323,
  "cluster/nmi": 0.22473229433311498,
  "cluster/ari": 0.02757798278984821
}