{
  "model": "mvae",
  "recon/mse_per_pixel": 0.037234731647703384,
  "elbo/train": -1896.765978240967,
  "elbo/test": -1899.9567240397134,
  "mse/train": 0.036782189230124156,
  "mse/test": 0.037234731647703384,
  "probe/acc": 0.035916666666666666,
  "probe/nll": 4.428631551558167,
  "probe/brier": 0.9845888160689957,
  "probe/ece": 0.007306989811360836,
  "cluster/nmi": 0.17527534766141625,
  "cluster/ari": 0.012492098396878974
}