{
  "model": "vae",
  "recon/mse_per_pixel": 0.015124321831597223,
  "elbo/train": -1768.878094991048,
  "elbo/test": -1772.2433736165365,
  "mse/train": 0.014707160808973841,
  "mse/test": 0.015124321831597223,
  "probe/acc": 0.19766666666666666,
  "probe/nll": 3.5088161068858463,
  "probe/brier": 0.9129497271266118,
  "probe/ece": 0.03131315007805825,
  "cluster/nmi": 0.22268513815471697,
  "cluster/ari": 0.027367612839913184
}