{
  "model": "mvae",
  "recon/mse_per_pixel": 0.016364921304914685,
  "elbo/train": -1784.0441632588704,
  "elbo/test": -1787.5132497151692,
  "mse/train": 0.015926205350293054,
  "mse/test": 0.016364921304914685,
  "probe/acc": 0.20208333333333334,
  "probe/nll": 3.4686554182672324,
  "probe/brier": 0.9069776115023095,
  "probe/ece": 0.02265448271576315,
  "cluster/nmi": 0.22417368575318608,
  "cluster/ari": 0.028333086538969456
}