{
  "model": "mvae",
  "recon/mse_per_pixel": 0.03011603731579251,
  "elbo/train": -1848.2831802368164,
  "elbo/test": -1852.950341796875,
  "mse/train": 0.02948006343510416,
  "mse/test": 0.03011603731579251,
  "probe/acc": 0.07725,
  "probe/nll": 4.147069176437623,
  "probe/brier": 0.9725446337512824,
  "probe/ece": 0.020336302034556865,
  "cluster/nmi": 0.20551593800256418,
  "cluster/ari": 0.018594592126909434
}