{
  "model": "vae",
  "recon/mse_per_pixel": 0.029484546807077197,
  "elbo/train": -1846.3248107910156,
  "elbo/test": -1849.1501434326171,
  "mse/train": 0.02910780026515325,
  "mse/test": 0.029484546807077197,
  "probe/acc": 0.07475,
  "probe/nll": 4.162388843537799,
  "probe/brier": 0.9734060490558272,
  "probe/ece": 0.019066578400631747,
  "cluster/nmi": 0.20256972262030332,
  "cluster/ari": 0.01762948019112278
}