{
  "model": "vae",
  "recon/mse_per_pixel": 0.03726621874173482,
  "elbo/train": -1897.7444796244304,
  "elbo/test": -1900.1851776123046,
  "mse/train": 0.03691818827390671,
  "mse/test": 0.03726621874173482,
  "probe/acc": 0.037333333333333336,
  "probe/nll": 4.422736146177903,
  "probe/brier": 0.9843330850733587,
  "probe/ece": 0.008486911961187917,
  "cluster/nmi": 0.1742572823827679,
  "cluster/ari": 0.01247073425038661
}