{
  "model": "vae",
  "recon/mse_per_pixel": 0.01256912113387214,
  "elbo/train": -103.94071380553707,
  "elbo/test": -104.75928643798828,
  "mse/train": 0.012087113501995487,
  "mse/test": 0.01256912113387214,
  "probe/acc": 0.9454882670752359,
  "probe/nll": 0.18691787400295914,
  "probe/brier": 0.08403344964377867,
  "probe/ece": 0.023442032032989182,
  "cluster/nmi": 0.5714754872635405,
  "cluster/ari": 0.48143045995022793
}