{
  "model": "vae",
  "recon/mse_per_pixel": 0.02803702180999154,
  "elbo/train": -118.63833851968089,
  "elbo/test": -126.52107580566407,
  "mse/train": 0.024733498228576987,
  "mse/test": 0.02803702180999154,
  "probe/acc": 0.8599306507539715,
  "probe/nll": 0.571718058793928,
  "probe/brier": 0.23182350492176002,
  "probe/ece": 0.07261647002253453,
  "cluster/nmi": 0.5712089785237887,
  "cluster/ari": 0.4429267395598142
}