{
  "model": "vae",
  "recon/mse_per_pixel": 0.011907692730179895,
  "elbo/train": -102.24863841456752,
  "elbo/test": -103.07071997070312,
  "mse/train": 0.011432529725527035,
  "mse/test": 0.011907692730179895,
  "probe/acc": 0.943069107330054,
  "probe/nll": 0.19242487284218007,
  "probe/brier": 0.08652842274479065,
  "probe/ece": 0.02148513686857863,
  "cluster/nmi": 0.5978304487734747,
  "cluster/ari": 0.526573291116501
}