{
  "model": "mvae",
  "recon/mse_per_pixel": 0.039818556175786515,
  "elbo/train": -138.53751763989848,
  "elbo/test": -149.5138137817383,
  "mse/train": 0.035207616467951716,
  "mse/test": 0.039818556175786515,
  "probe/acc": 0.5613256995403596,
  "probe/nll": 1.2151801171651138,
  "probe/brier": 0.5536281669540665,
  "probe/ece": 0.07557705472519433,
  "cluster/nmi": 0.5143817322643123,
  "cluster/ari": 0.3756827029635337
}