{
  "model": "mvae",
  "recon/mse_per_pixel": 0.012797100296171551,
  "elbo/train": -104.94053156145158,
  "elbo/test": -105.63275817871094,
  "mse/train": 0.012373621804161707,
  "mse/test": 0.012797100296171551,
  "probe/acc": 0.9505685025401177,
  "probe/nll": 0.17474208157144103,
  "probe/brier": 0.07793750588448485,
  "probe/ece": 0.021597181082387038,
  "cluster/nmi": 0.6020451690019615,
  "cluster/ari": 0.5281722481686016
}