{
  "model": "vae",
  "recon/mse_per_pixel": 0.012072997020886343,
  "elbo/train": -99.57021799395162,
  "elbo/test": -101.3508623046875,
  "mse/train": 0.011176987165249593,
  "mse/test": 0.012072997020886343,
  "probe/acc": 0.9042012740907991,
  "probe/nll": 0.3075273642523851,
  "probe/brier": 0.1411031371712913,
  "probe/ece": 0.014727758877979715,
  "cluster/nmi": 0.6233861505325062,
  "cluster/ari": 0.5569283344506283
}