{
  "model": "mvae",
  "recon/mse_per_pixel": 0.011992093722903137,
  "elbo/train": -102.04613848655454,
  "elbo/test": -102.93598791503906,
  "mse/train": 0.011504699833089571,
  "mse/test": 0.011992093722903137,
  "probe/acc": 0.9507297798564632,
  "probe/nll": 0.16789923383188704,
  "probe/brier": 0.0755070819156461,
  "probe/ece": 0.019230608262032135,
  "cluster/nmi": 0.6232542271806389,
  "cluster/ari": 0.5521496042978801
}