{
  "model": "vae",
  "recon/mse_per_pixel": 0.011425476679994802,
  "elbo/train": -100.32613365111813,
  "elbo/test": -101.31254901123047,
  "mse/train": 0.01086942801028428,
  "mse/test": 0.011425476679994802,
  "probe/acc": 0.9133940811224901,
  "probe/nll": 0.2874010990032599,
  "probe/brier": 0.1302833679624254,
  "probe/ece": 0.01781157686021886,
  "cluster/nmi": 0.5887772303971742,
  "cluster/ari": 0.4970981984426728
}