{
  "model": "mvae",
  "recon/mse_per_pixel": 0.027675539330426734,
  "elbo/train": -117.71966401992306,
  "elbo/test": -125.82073773193359,
  "mse/train": 0.024253102950575124,
  "mse/test": 0.027675539330426734,
  "probe/acc": 0.863640029029917,
  "probe/nll": 0.5620722453013535,
  "probe/brier": 0.22728211280167818,
  "probe/ece": 0.07372163818921885,
  "cluster/nmi": 0.5822993399235138,
  "cluster/ari": 0.4563538604091336
}