{
  "model": "mvae",
  "recon/mse_per_pixel": 0.011856709374168897,
  "elbo/train": -98.7325858300732,
  "elbo/test": -100.6214642944336,
  "mse/train": 0.01091349829726,
  "mse/test": 0.011856709374168897,
  "probe/acc": 0.9095234255301992,
  "probe/nll": 0.2983595068192002,
  "probe/brier": 0.1359468863027981,
  "probe/ece": 0.013680111607537453,
  "cluster/nmi": 0.640565855682133,
  "cluster/ari": 0.5785835223795984
}