{
  "model": "mvae",
  "recon/mse_per_pixel": 0.011140630826764267,
  "elbo/train": -99.08863393722042,
  "elbo/test": -100.19018432617187,
  "mse/train": 0.01053030348567757,
  "mse/test": 0.011140630826764267,
  "probe/acc": 0.9240383840012902,
  "probe/nll": 0.2542295366741975,
  "probe/brier": 0.11522488540161353,
  "probe/ece": 0.01306217184769283,
  "cluster/nmi": 0.6418390755737019,
  "cluster/ari": 0.5820156826473937
}