{
  "model": "vae",
  "recon/mse_per_pixel": 0.0394324591650552,
  "elbo/train": -138.85702134716897,
  "elbo/test": -148.8185869140625,
  "mse/train": 0.03535185331814155,
  "mse/test": 0.0394324591650552,
  "probe/acc": 0.6051931295863237,
  "probe/nll": 1.145460583703697,
  "probe/brier": 0.5159969055201555,
  "probe/ece": 0.0834961456835688,
  "cluster/nmi": 0.5251998448785553,
  "cluster/ari": 0.3891693952513979
}