{
  "model": "vae",
  "recon/mse_per_pixel": 0.08114228480265594,
  "elbo/train": -522.9890860280683,
  "elbo/test": -523.9339402721774,
  "mse/train": 0.08061008768539982,
  "mse/test": 0.08114228480265594,
  "probe/acc": 0.712258064516129,
  "probe/nll": 0.8547365101149372,
  "probe/brier": 0.3966888055729751,
  "probe/ece": 0.04298688530441254,
  "cluster/nmi": 0.4640919723079906,
  "cluster/ari": 0.3108850591357718
}