{
  "model": "vae",
  "recon/mse_per_pixel": 0.0807813459827054,
  "elbo/train": -523.6297123816705,
  "elbo/test": -524.0682417346585,
  "mse/train": 0.08050989078172655,
  "mse/test": 0.0807813459827054,
  "probe/acc": 0.7895161290322581,
  "probe/nll": 0.6485175561102704,
  "probe/brier": 0.30066531499854915,
  "probe/ece": 0.028975477266696192,
  "cluster/nmi": 0.4363289296906826,
  "cluster/ari": 0.31648980788446474
}