{
  "model": "mvae",
  "recon/mse_per_pixel": 0.08054325106271087,
  "elbo/train": -523.3609301659369,
  "elbo/test": -523.7890231224799,
  "mse/train": 0.08027976017864696,
  "mse/test": 0.08054325106271087,
  "probe/acc": 0.8009677419354839,
  "probe/nll": 0.6150666756463984,
  "probe/brier": 0.286344164606618,
  "probe/ece": 0.030510620981935535,
  "cluster/nmi": 0.4662117508196826,
  "cluster/ari": 0.34043719533510486
}