{
  "model": "vae",
  "recon/mse_per_pixel": 0.08114487472845583,
  "elbo/train": -524.0275187338552,
  "elbo/test": -524.4375452841482,
  "mse/train": 0.08089249346584297,
  "mse/test": 0.08114487472845583,
  "probe/acc": 0.8508870967741935,
  "probe/nll": 0.48001652709563153,
  "probe/brier": 0.22162080986796737,
  "probe/ece": 0.03844941702461048,
  "cluster/nmi": 0.4257855228418006,
  "cluster/ari": 0.3034059698502563
}