{
  "model": "mvae",
  "recon/mse_per_pixel": 0.08117741884252913,
  "elbo/train": -522.9853291665354,
  "elbo/test": -523.885982882592,
  "mse/train": 0.08066956598559362,
  "mse/test": 0.08117741884252913,
  "probe/acc": 0.702741935483871,
  "probe/nll": 0.8847674442725253,
  "probe/brier": 0.4095948331492047,
  "probe/ece": 0.04429759064268681,
  "cluster/nmi": 0.42713815182932885,
  "cluster/ari": 0.2678197894089922
}