{
  "model": "vae",
  "recon/mse_per_pixel": 0.08280688689522558,
  "elbo/train": -524.6906495863392,
  "elbo/test": -525.6500539472027,
  "mse/train": 0.08226559511527488,
  "mse/test": 0.08280688689522558,
  "probe/acc": 0.5449193548387097,
  "probe/nll": 1.2465751234660047,
  "probe/brier": 0.5713650182778546,
  "probe/ece": 0.07529504570268816,
  "cluster/nmi": 0.4431396746975293,
  "cluster/ari": 0.26232565340179625
}