{
  "model": "vae",
  "recon/mse_per_pixel": 0.08167922014308023,
  "elbo/train": -524.8220740287535,
  "elbo/test": -525.171369983304,
  "mse/train": 0.08146247710578923,
  "mse/test": 0.08167922014308023,
  "probe/acc": 0.8505645161290323,
  "probe/nll": 0.47500958415991085,
  "probe/brier": 0.21927332237273744,
  "probe/ece": 0.031095137036135097,
  "cluster/nmi": 0.44552030493499,
  "cluster/ari": 0.2986716470887139
}