{
  "model": "mvae",
  "recon/mse_per_pixel": 0.08100077098572701,
  "elbo/train": -524.4570377719018,
  "elbo/test": -524.7892318233366,
  "mse/train": 0.08078912880641995,
  "mse/test": 0.08100077098572701,
  "probe/acc": 0.852741935483871,
  "probe/nll": 0.4642552029806783,
  "probe/brier": 0.21755692793081335,
  "probe/ece": 0.03467330905098109,
  "cluster/nmi": 0.4788824211373215,
  "cluster/ari": 0.35437200895347193
}