{
  "model": "mvae",
  "recon/mse_per_pixel": 0.08267482468766393,
  "elbo/train": -524.4139630717616,
  "elbo/test": -525.4593057940083,
  "mse/train": 0.08209495932432756,
  "mse/test": 0.08267482468766393,
  "probe/acc": 0.545725806451613,
  "probe/nll": 1.2336720141930126,
  "probe/brier": 0.567267875954764,
  "probe/ece": 0.06781583708019986,
  "cluster/nmi": 0.43026898906332767,
  "cluster/ari": 0.24759959401293574
}