{
  "model": "mvae",
  "recon/mse_per_pixel": 0.08138977186392608,
  "elbo/train": -525.5928481317336,
  "elbo/test": -525.9090940413937,
  "mse/train": 0.0811836750213844,
  "mse/test": 0.08138977186392608,
  "probe/acc": 0.8572580645161291,
  "probe/nll": 0.45433077911676717,
  "probe/brier": 0.21125413164114787,
  "probe/ece": 0.028891169050287813,
  "cluster/nmi": 0.47005941911018184,
  "cluster/ari": 0.3431463759320769
}