{
  "model": "mvae",
  "recon/mse_per_pixel": 0.08083288733938794,
  "elbo/train": -523.5876199045489,
  "elbo/test": -523.9843119959677,
  "mse/train": 0.08058082522806014,
  "mse/test": 0.08083288733938794,
  "probe/acc": 0.8202419354838709,
  "probe/nll": 0.5681427999852375,
  "probe/brier": 0.261379774907694,
  "probe/ece": 0.03298990588034353,
  "cluster/nmi": 0.45648347443940906,
  "cluster/ari": 0.3455335258316274
}