{
  "model": "vae",
  "recon/mse_per_pixel": 0.08080945786557125,
  "elbo/train": -523.5861033778036,
  "elbo/test": -523.9712898500504,
  "mse/train": 0.08056937190715698,
  "mse/test": 0.08080945786557125,
  "probe/acc": 0.8163709677419355,
  "probe/nll": 0.575960881422908,
  "probe/brier": 0.2658772471932041,
  "probe/ece": 0.035876348656752426,
  "cluster/nmi": 0.4334007346188648,
  "cluster/ari": 0.3143432756601613
}