{
  "model": "mvae",
  "recon/mse_per_pixel": 0.014400811893251824,
  "elbo/train": -238.00657836369106,
  "elbo/test": -238.78949726649694,
  "mse/train": 0.013997981359242698,
  "mse/test": 0.014400811893251824,
  "probe/acc": 0.8154285714285714,
  "probe/nll": 0.5060125180837024,
  "probe/brier": 0.2574950567469201,
  "probe/ece": 0.024560386316052518,
  "cluster/nmi": 0.5231165460920071,
  "cluster/ari": 0.3771615086128948
}