{
  "model": "vae",
  "recon/mse_per_pixel": 0.015629741412905147,
  "elbo/train": -240.2483914239066,
  "elbo/test": -240.80568400791714,
  "mse/train": 0.01535260187988726,
  "mse/test": 0.015629741412905147,
  "probe/acc": 0.8625714285714285,
  "probe/nll": 0.3885240327227119,
  "probe/brier": 0.197181046217403,
  "probe/ece": 0.026204074070921957,
  "cluster/nmi": 0.5258350678243776,
  "cluster/ari": 0.3528561413031605
}