{
  "model": "vae",
  "recon/mse_per_pixel": 0.019083810700619534,
  "elbo/train": -241.8057752609253,
  "elbo/test": -243.3631578717913,
  "mse/train": 0.018372517132550566,
  "mse/test": 0.019083810700619534,
  "probe/acc": 0.7535714285714286,
  "probe/nll": 0.700585533818991,
  "probe/brier": 0.3504468608702139,
  "probe/ece": 0.029757093876600294,
  "cluster/nmi": 0.589347994110515,
  "cluster/ari": 0.44953424865278224
}