{
  "model": "vae",
  "recon/mse_per_pixel": 0.01504876991472161,
  "elbo/train": -238.97859851292202,
  "elbo/test": -239.7365895952497,
  "mse/train": 0.014662120329742876,
  "mse/test": 0.01504876991472161,
  "probe/acc": 0.8626428571428572,
  "probe/nll": 0.3990591720610152,
  "probe/brier": 0.20135858798091488,
  "probe/ece": 0.03355994527680537,
  "cluster/nmi": 0.5021495681369837,
  "cluster/ari": 0.3645807880565803
}