{
  "model": "vae",
  "recon/mse_per_pixel": 0.02694533723436361,
  "elbo/train": -254.76109570094516,
  "elbo/test": -258.3486624581473,
  "mse/train": 0.025419132438414992,
  "mse/test": 0.02694533723436361,
  "probe/acc": 0.6397857142857143,
  "probe/nll": 1.096935929587656,
  "probe/brier": 0.49827444709412233,
  "probe/ece": 0.10243240816039698,
  "cluster/nmi": 0.5310127754741217,
  "cluster/ari": 0.35631465860781675
}