{
  "model": "mvae",
  "recon/mse_per_pixel": 0.026788341677918725,
  "elbo/train": -254.59540034702846,
  "elbo/test": -257.8033595493862,
  "mse/train": 0.025377802023039613,
  "mse/test": 0.026788341677918725,
  "probe/acc": 0.6695714285714286,
  "probe/nll": 0.9587171509409297,
  "probe/brier": 0.44748682649339283,
  "probe/ece": 0.06876642298485552,
  "cluster/nmi": 0.5442849597188715,
  "cluster/ari": 0.3737673529785673
}