{
  "model": "mvae",
  "recon/mse_per_pixel": 0.014617134817140096,
  "elbo/train": -237.76163648877824,
  "elbo/test": -238.61461029052734,
  "mse/train": 0.014169327271575483,
  "mse/test": 0.014617134817140096,
  "probe/acc": 0.7968571428571428,
  "probe/nll": 0.5476386044825321,
  "probe/brier": 0.2798799766223812,
  "probe/ece": 0.017569466561079005,
  "cluster/nmi": 0.5349937355608689,
  "cluster/ari": 0.3791505062653376
}