{
  "model": "mvae",
  "recon/mse_per_pixel": 0.019211268477815232,
  "elbo/train": -241.9378138405936,
  "elbo/test": -243.5117475237165,
  "mse/train": 0.01848395791345713,
  "mse/test": 0.019211268477815232,
  "probe/acc": 0.7235,
  "probe/nll": 0.7674090448724192,
  "probe/brier": 0.3811545884240486,
  "probe/ece": 0.02446703210473059,
  "cluster/nmi": 0.5599423079793028,
  "cluster/ari": 0.3999135345372873
}