{
  "model": "mvae",
  "recon/mse_per_pixel": 0.015142667753703393,
  "elbo/train": -239.93434085845948,
  "elbo/test": -240.57440305437362,
  "mse/train": 0.014796527485805767,
  "mse/test": 0.015142667753703393,
  "probe/acc": 0.8652857142857143,
  "probe/nll": 0.38474887170426186,
  "probe/brier": 0.19498392852847526,
  "probe/ece": 0.02565476664049285,
  "cluster/nmi": 0.5278577049230627,
  "cluster/ari": 0.3740131113125622
}