{
  "model": "mvae",
  "recon/mse_per_pixel": 0.015556736415051163,
  "elbo/train": -241.53792574746268,
  "elbo/test": -242.08145795549666,
  "mse/train": 0.015270334660833154,
  "mse/test": 0.015556736415051163,
  "probe/acc": 0.8650714285714286,
  "probe/nll": 0.3806504909196431,
  "probe/brier": 0.19375678319304526,
  "probe/ece": 0.026235614702105517,
  "cluster/nmi": 0.5407500338370674,
  "cluster/ari": 0.36876037159667063
}