{
  "model": "vae",
  "recon/mse_per_pixel": 0.014641831623221973,
  "elbo/train": -239.10071650913784,
  "elbo/test": -239.8223731994629,
  "mse/train": 0.01427139647152959,
  "mse/test": 0.014641831623221973,
  "probe/acc": 0.8187142857142857,
  "probe/nll": 0.5095656007114436,
  "probe/brier": 0.2589085544927295,
  "probe/ece": 0.0272023186577218,
  "cluster/nmi": 0.5269688405621341,
  "cluster/ari": 0.3838173413543227
}