{
  "model": "vae",
  "recon/mse_per_pixel": 0.014357279118574049,
  "elbo/train": -238.2471158163888,
  "elbo/test": -238.9406725202288,
  "mse/train": 0.013993275760561662,
  "mse/test": 0.014357279118574049,
  "probe/acc": 0.8042857142857143,
  "probe/nll": 0.5417375857937825,
  "probe/brier": 0.2751778585005509,
  "probe/ece": 0.021695979576025707,
  "cluster/nmi": 0.558375965957204,
  "cluster/ari": 0.42521017937791455
}