{
  "model": "mvae",
  "recon/mse_per_pixel": 0.019500267439418368,
  "elbo/train": -1852.8080754597981,
  "elbo/test": -1854.3465423583984,
  "mse/train": 0.019134926746288937,
  "mse/test": 0.019500267439418368,
  "probe/acc": 0.34091666666666665,
  "probe/nll": 1.8887756815440861,
  "probe/brier": 0.7932902829521726,
  "probe/ece": 0.03841776490708194,
  "cluster/nmi": 0.10621809919073494,
  "cluster/ari": 0.05767905901637244
}