{
  "model": "mvae",
  "recon/mse_per_pixel": 0.029292610115475126,
  "elbo/train": -1905.5651723225913,
  "elbo/test": -1908.659513346354,
  "mse/train": 0.02870264015595118,
  "mse/test": 0.029292610115475126,
  "probe/acc": 0.2585,
  "probe/nll": 2.0666392750399565,
  "probe/brier": 0.8433350394476166,
  "probe/ece": 0.030401077485332884,
  "cluster/nmi": 0.09051139505873959,
  "cluster/ari": 0.047408341508099715
}