{
  "model": "mvae",
  "recon/mse_per_pixel": 0.014610858586099413,
  "elbo/train": -1833.7050643920898,
  "elbo/test": -1834.9642303466796,
  "mse/train": 0.014297814503312111,
  "mse/test": 0.014610858586099413,
  "probe/acc": 0.41933333333333334,
  "probe/nll": 1.6586860830104044,
  "probe/brier": 0.7203486289861897,
  "probe/ece": 0.02977247698108355,
  "cluster/nmi": 0.11063674591139436,
  "cluster/ari": 0.05933704778120793
}