{
  "model": "mvae",
  "recon/mse_per_pixel": 0.03522669368320041,
  "elbo/train": -1944.6921798706055,
  "elbo/test": -1945.747607421875,
  "mse/train": 0.03493009371889962,
  "mse/test": 0.03522669368320041,
  "probe/acc": 0.21291666666666667,
  "probe/nll": 2.1649597561476726,
  "probe/brier": 0.8697257882060261,
  "probe/ece": 0.03582239627341429,
  "cluster/nmi": 0.07908316450283125,
  "cluster/ari": 0.03707532258074736
}