{
  "model": "vae",
  "recon/mse_per_pixel": 0.015375341680314805,
  "elbo/train": -1836.6309298197427,
  "elbo/test": -1838.4351267496745,
  "mse/train": 0.014990518377886878,
  "mse/test": 0.015375341680314805,
  "probe/acc": 0.43025,
  "probe/nll": 1.6276031398116593,
  "probe/brier": 0.7089488346838037,
  "probe/ece": 0.025906298231333495,
  "cluster/nmi": 0.11855492943714112,
  "cluster/ari": 0.06263716744656435
}