{
  "model": "vae",
  "recon/mse_per_pixel": 0.02947675891717275,
  "elbo/train": -1906.818563334147,
  "elbo/test": -1909.544603474935,
  "mse/train": 0.02894601750704977,
  "mse/test": 0.02947675891717275,
  "probe/acc": 0.26475,
  "probe/nll": 2.065496217007703,
  "probe/brier": 0.8422550831145486,
  "probe/ece": 0.03667712667956947,
  "cluster/nmi": 0.09346816722030717,
  "cluster/ari": 0.04958327457699009
}