{
  "model": "vae",
  "recon/mse_per_pixel": 0.014916974749830034,
  "elbo/train": -1834.4614367167155,
  "elbo/test": -1835.9971588134765,
  "mse/train": 0.014565021182099978,
  "mse/test": 0.014916974749830034,
  "probe/acc": 0.42541666666666667,
  "probe/nll": 1.6393498894664775,
  "probe/brier": 0.7143393010760835,
  "probe/ece": 0.03270790706823268,
  "cluster/nmi": 0.1064295522003596,
  "cluster/ari": 0.05688479547241437
}