{
  "model": "mvae",
  "recon/mse_per_pixel": 0.015285723606745402,
  "elbo/train": -1832.0464876810709,
  "elbo/test": -1832.7269999186199,
  "mse/train": 0.01504847869442569,
  "mse/test": 0.015285723606745402,
  "probe/acc": 0.37016666666666664,
  "probe/nll": 1.80950644605314,
  "probe/brier": 0.7690021125302348,
  "probe/ece": 0.03356722960124413,
  "cluster/nmi": 0.11344375040614815,
  "cluster/ari": 0.06080830379274948
}