{
  "model": "vae",
  "recon/mse_per_pixel": 0.035531029197904795,
  "elbo/train": -1947.2511985778808,
  "elbo/test": -1948.0111419677735,
  "mse/train": 0.03527065200938119,
  "mse/test": 0.035531029197904795,
  "probe/acc": 0.2205,
  "probe/nll": 2.173536500834925,
  "probe/brier": 0.8714684569600185,
  "probe/ece": 0.04578232998773456,
  "cluster/nmi": 0.07332242878586787,
  "cluster/ari": 0.03359239768502732
}