{
  "model": "vae",
  "recon/mse_per_pixel": 0.01891292781300015,
  "elbo/train": -1848.0791356404623,
  "elbo/test": -1849.6086934407551,
  "mse/train": 0.018560474356015523,
  "mse/test": 0.01891292781300015,
  "probe/acc": 0.32625,
  "probe/nll": 1.8986232368172278,
  "probe/brier": 0.7973126841007792,
  "probe/ece": 0.029618177771568287,
  "cluster/nmi": 0.09725964287952737,
  "cluster/ari": 0.054948236148596535
}