{
  "model": "mvae",
  "recon/mse_per_pixel": 0.016481494122081334,
  "elbo/train": -1848.5611625671386,
  "elbo/test": -1850.494731648763,
  "mse/train": 0.016088657627503077,
  "mse/test": 0.016481494122081334,
  "probe/acc": 0.4200833333333333,
  "probe/nll": 1.6787173689274955,
  "probe/brier": 0.7248094533828007,
  "probe/ece": 0.030842349647233893,
  "cluster/nmi": 0.1171092522719877,
  "cluster/ari": 0.06199544252147588
}