{
  "model": "vae",
  "recon/mse_per_pixel": 0.015391276690695021,
  "elbo/train": -1833.4424674987793,
  "elbo/test": -1834.1204986572266,
  "mse/train": 0.015162761476304796,
  "mse/test": 0.015391276690695021,
  "probe/acc": 0.3729166666666667,
  "probe/nll": 1.7995684828488063,
  "probe/brier": 0.7662270827356006,
  "probe/ece": 0.030458920622865357,
  "cluster/nmi": 0.10880030139994426,
  "cluster/ari": 0.06333123691574584
}