{
  "model": "mvae",
  "recon/mse_per_pixel": 0.04024049242834577,
  "elbo/train": -487.42958376484535,
  "elbo/test": -488.54347056727255,
  "mse/train": 0.03977785957416788,
  "mse/test": 0.04024049242834577,
  "probe/acc": 0.2643548387096774,
  "probe/nll": 2.089697113354698,
  "probe/brier": 0.822930751547372,
  "probe/ece": 0.0572171557045752,
  "cluster/nmi": 0.08166497974019614,
  "cluster/ari": 0.0487774871525762
}