{
  "model": "mvae",
  "recon/mse_per_pixel": 0.02999459176882856,
  "elbo/train": -480.98779579900923,
  "elbo/test": -481.43254163188317,
  "mse/train": 0.029895081673899003,
  "mse/test": 0.02999459176882856,
  "probe/acc": 0.7493548387096775,
  "probe/nll": 0.7804335500490531,
  "probe/brier": 0.3485967088989218,
  "probe/ece": 0.028117292619520607,
  "cluster/nmi": 0.24283027635199406,
  "cluster/ari": 0.15936065099523472
}