{
  "model": "vae",
  "recon/mse_per_pixel": 0.0291590332875054,
  "elbo/train": -478.1682149210284,
  "elbo/test": -478.74930990895916,
  "mse/train": 0.028986747589764272,
  "mse/test": 0.0291590332875054,
  "probe/acc": 0.7109677419354838,
  "probe/nll": 0.8834325043461895,
  "probe/brier": 0.3970918472015292,
  "probe/ece": 0.02546536956102617,
  "cluster/nmi": 0.24490315055721382,
  "cluster/ari": 0.15358822705923522
}