{
  "model": "vae",
  "recon/mse_per_pixel": 0.029428035417146163,
  "elbo/train": -478.2711884898524,
  "elbo/test": -478.8397462906376,
  "mse/train": 0.02926640879095503,
  "mse/test": 0.029428035417146163,
  "probe/acc": 0.7594354838709677,
  "probe/nll": 0.755478441312494,
  "probe/brier": 0.3394323056690857,
  "probe/ece": 0.03701311148823269,
  "cluster/nmi": 0.2348215813072103,
  "cluster/ari": 0.14215824240963837
}