{
  "model": "vae",
  "recon/mse_per_pixel": 0.045584264532997076,
  "elbo/train": -495.0227563304286,
  "elbo/test": -495.96380221459174,
  "mse/train": 0.04521901571413182,
  "mse/test": 0.045584264532997076,
  "probe/acc": 0.11379032258064516,
  "probe/nll": 2.2953165920092538,
  "probe/brier": 0.8983330407638384,
  "probe/ece": 0.015190491981564028,
  "cluster/nmi": 0.005508681723513244,
  "cluster/ari": 0.001725204992472901
}