{
  "model": "vae",
  "recon/mse_per_pixel": 0.030645242104646482,
  "elbo/train": -479.94310791261734,
  "elbo/test": -480.545038284794,
  "mse/train": 0.030470132921933343,
  "mse/test": 0.030645242104646482,
  "probe/acc": 0.7574193548387097,
  "probe/nll": 0.7542348022441732,
  "probe/brier": 0.33867944047841503,
  "probe/ece": 0.028048829693467368,
  "cluster/nmi": 0.23976995373744148,
  "cluster/ari": 0.1541857166477846
}