{
  "model": "mvae",
  "recon/mse_per_pixel": 0.030029470583103925,
  "elbo/train": -477.6034170581448,
  "elbo/test": -478.33700635356286,
  "mse/train": 0.029770111764552486,
  "mse/test": 0.030029470583103925,
  "probe/acc": 0.6717741935483871,
  "probe/nll": 0.9885262039006847,
  "probe/brier": 0.44783583841937946,
  "probe/ece": 0.030250850610675326,
  "cluster/nmi": 0.2147114901271465,
  "cluster/ari": 0.1341539918875622
}