{
  "model": "vae",
  "recon/mse_per_pixel": 0.04007150078698787,
  "elbo/train": -487.2702214640956,
  "elbo/test": -488.4057284939674,
  "mse/train": 0.03959276434777205,
  "mse/test": 0.04007150078698787,
  "probe/acc": 0.27129032258064517,
  "probe/nll": 2.0833417666225182,
  "probe/brier": 0.8220298211943184,
  "probe/ece": 0.06149036263025576,
  "cluster/nmi": 0.08165482505349263,
  "cluster/ari": 0.04656330090243202
}