{
  "model": "mvae",
  "recon/mse_per_pixel": 0.04523240750521873,
  "elbo/train": -494.1782199490455,
  "elbo/test": -495.18291621054374,
  "mse/train": 0.044825007173087426,
  "mse/test": 0.04523240750521873,
  "probe/acc": 0.11596774193548387,
  "probe/nll": 2.294892637343251,
  "probe/brier": 0.8982349918787617,
  "probe/ece": 0.012200402466640357,
  "cluster/nmi": 0.005294498371998462,
  "cluster/ari": 0.0016997303933087016
}