{
  "model": "mvae",
  "recon/mse_per_pixel": 0.02924207640918483,
  "elbo/train": -478.7769040753764,
  "elbo/test": -479.39351211055634,
  "mse/train": 0.029046656945726446,
  "mse/test": 0.02924207640918483,
  "probe/acc": 0.7574193548387097,
  "probe/nll": 0.745690316176484,
  "probe/brier": 0.3364462462675622,
  "probe/ece": 0.03096785088700634,
  "cluster/nmi": 0.2536018930922816,
  "cluster/ari": 0.15625139899354823
}