{
  "model": "mvae",
  "recon/mse_per_pixel": 0.028761890253163704,
  "elbo/train": -477.4288874595396,
  "elbo/test": -478.0486560944588,
  "mse/train": 0.028569046639548547,
  "mse/test": 0.028761890253163704,
  "probe/acc": 0.7142741935483871,
  "probe/nll": 0.8794835121290335,
  "probe/brier": 0.394225058257123,
  "probe/ece": 0.027304535970812848,
  "cluster/nmi": 0.23106396583776614,
  "cluster/ari": 0.13423243582556257
}