{
  "model": "vae",
  "recon/mse_per_pixel": 0.030040088349694558,
  "elbo/train": -477.6249853564847,
  "elbo/test": -478.37714016822076,
  "mse/train": 0.029774226866088625,
  "mse/test": 0.030040088349694558,
  "probe/acc": 0.6679032258064516,
  "probe/nll": 0.9999799415936308,
  "probe/brier": 0.4506158042491081,
  "probe/ece": 0.028973863140469586,
  "cluster/nmi": 0.2679888151055716,
  "cluster/ari": 0.1753704036560031
}