{
  "model": "vae",
  "recon/mse_per_pixel": 0.03830303860150175,
  "elbo/train": -151.7464467633155,
  "elbo/test": -163.37419632942445,
  "mse/train": 0.03332859695389367,
  "mse/test": 0.03830303860150175,
  "probe/acc": 0.33411290322580645,
  "probe/nll": 1.6928373205535436,
  "probe/brier": 0.7297301075342758,
  "probe/ece": 0.022080988672471824,
  "cluster/nmi": 0.17516964953910735,
  "cluster/ari": 0.09738564081612801
}