{
  "model": "vae",
  "recon/mse_per_pixel": 0.013734417187688851,
  "elbo/train": -123.7989187394419,
  "elbo/test": -125.32867259363974,
  "mse/train": 0.013188380849761662,
  "mse/test": 0.013734417187688851,
  "probe/acc": 0.677016129032258,
  "probe/nll": 0.988702315572203,
  "probe/brier": 0.4504666663508662,
  "probe/ece": 0.0803849443264546,
  "cluster/nmi": 0.12508948983923507,
  "cluster/ari": 0.06484644468654689
}