{
  "model": "mvae",
  "recon/mse_per_pixel": 0.012836961608093141,
  "elbo/train": -120.71847421892228,
  "elbo/test": -122.38623016111312,
  "mse/train": 0.012198119974983924,
  "mse/test": 0.012836961608093141,
  "probe/acc": 0.5308064516129032,
  "probe/nll": 1.30489406436742,
  "probe/brier": 0.5895146268632083,
  "probe/ece": 0.022371855004420196,
  "cluster/nmi": 0.12220875914794298,
  "cluster/ari": 0.06292121670471544
}