{
  "model": "vae",
  "recon/mse_per_pixel": 0.01428526605250727,
  "elbo/train": -125.25773682132844,
  "elbo/test": -126.66995380770776,
  "mse/train": 0.013774799605276021,
  "mse/test": 0.01428526605250727,
  "probe/acc": 0.6970161290322581,
  "probe/nll": 0.9366836673183214,
  "probe/brier": 0.42681503813888133,
  "probe/ece": 0.07914149254800813,
  "cluster/nmi": 0.116121527776295,
  "cluster/ari": 0.06042484949100808
}