{
  "model": "mvae",
  "recon/mse_per_pixel": 0.04900299102401482,
  "elbo/train": -172.2176162658199,
  "elbo/test": -185.48732917539536,
  "mse/train": 0.043978476000114675,
  "mse/test": 0.04900299102401482,
  "probe/acc": 0.1971774193548387,
  "probe/nll": 2.190407731956828,
  "probe/brier": 0.8621866612505148,
  "probe/ece": 0.049988347802671695,
  "cluster/nmi": 0.16535100223113924,
  "cluster/ari": 0.11885012696338641
}