{
  "model": "mvae",
  "recon/mse_per_pixel": 0.013557960649632246,
  "elbo/train": -123.58966745868806,
  "elbo/test": -125.05496062001875,
  "mse/train": 0.013020931247663467,
  "mse/test": 0.013557960649632246,
  "probe/acc": 0.7014516129032258,
  "probe/nll": 0.9228736995208752,
  "probe/brier": 0.4210381492216358,
  "probe/ece": 0.07253380136984972,
  "cluster/nmi": 0.09773322400504802,
  "cluster/ari": 0.05236497518720311
}