{
  "model": "mvae",
  "recon/mse_per_pixel": 0.03796363097260546,
  "elbo/train": -150.12188231560492,
  "elbo/test": -162.5079986818375,
  "mse/train": 0.03276188249569178,
  "mse/test": 0.03796363097260546,
  "probe/acc": 0.3362903225806452,
  "probe/nll": 1.6909855370646079,
  "probe/brier": 0.7298783244577493,
  "probe/ece": 0.017463084711663187,
  "cluster/nmi": 0.20440388185156078,
  "cluster/ari": 0.11129289510749188
}