{
  "model": "vae",
  "recon/mse_per_pixel": 0.04929756335320639,
  "elbo/train": -172.2774340414232,
  "elbo/test": -186.23366362048733,
  "mse/train": 0.04407030356722964,
  "mse/test": 0.04929756335320639,
  "probe/acc": 0.24637096774193548,
  "probe/nll": 2.011470407080257,
  "probe/brier": 0.8039299067464453,
  "probe/ece": 0.03203206151123009,
  "cluster/nmi": 0.15909538075223265,
  "cluster/ari": 0.060914108538585435
}