{
  "model": "vae",
  "recon/mse_per_pixel": 0.01308862957379942,
  "elbo/train": -122.01386447106638,
  "elbo/test": -123.69685523740706,
  "mse/train": 0.01243028425401257,
  "mse/test": 0.01308862957379942,
  "probe/acc": 0.5254032258064516,
  "probe/nll": 1.3195642955795075,
  "probe/brier": 0.5966555515654984,
  "probe/ece": 0.02160079865085502,
  "cluster/nmi": 0.11157347485424711,
  "cluster/ari": 0.056282230117069336
}