{
  "model": "mvae",
  "recon/mse_per_pixel": 0.015665157373364307,
  "elbo/train": -121.72089709005049,
  "elbo/test": -125.15298554205125,
  "mse/train": 0.014267308647653004,
  "mse/test": 0.015665157373364307,
  "probe/acc": 0.49379032258064515,
  "probe/nll": 1.3865494428741012,
  "probe/brier": 0.628391021923747,
  "probe/ece": 0.0205166875486893,
  "cluster/nmi": 0.14317458806972155,
  "cluster/ari": 0.0741059444895686
}