{
  "model": "vae",
  "recon/mse_per_pixel": 0.01589597474751777,
  "elbo/train": -122.65637077823762,
  "elbo/test": -126.05271782413605,
  "mse/train": 0.014527000789190296,
  "mse/test": 0.01589597474751777,
  "probe/acc": 0.48620967741935484,
  "probe/nll": 1.3910583928271159,
  "probe/brier": 0.6323376990302686,
  "probe/ece": 0.021450007625164535,
  "cluster/nmi": 0.13489912968936285,
  "cluster/ari": 0.07102105882558482
}