{
  "model": "mvae",
  "recon/mse_per_pixel": 0.014370711366152434,
  "elbo/train": -126.38498410870952,
  "elbo/test": -127.60440961776241,
  "mse/train": 0.013942406643684794,
  "mse/test": 0.014370711366152434,
  "probe/acc": 0.6845161290322581,
  "probe/nll": 0.9713831309429067,
  "probe/brier": 0.4401693477265247,
  "probe/ece": 0.06386209244809803,
  "cluster/nmi": 0.11253894144441734,
  "cluster/ari": 0.06098568651349385
}